"Add New FAQ","Nieuwe FAQ toevoegen"
Back,Terug
Delete,Verwijderen
"Are you sure you want to delete this FAQ?","Weet je zeker dat je deze FAQ wilt verwijderen?"
Save,Opslaan
"No FAQ specified to delete.","Er is geen FAQ opgegeven om te verwijderen."
"The FAQ entry has been deleted.","De FAQ is verwijderd."
"This FAQ no longer exists.","Deze FAQ bestaat niet meer."
"Edit FAQ","FAQ bewerken"
"New FAQ","Nieuwe FAQ"
"SEO — FAQ Manager","SEO — FAQ-beheer"
"The FAQ entry has been saved.","De FAQ is opgeslagen."
"Identifier, question and answer are required.","Identificatie, vraag en antwoord zijn verplicht."
"FAQ with id ""%1"" does not exist.","FAQ met id ""%1"" bestaat niet."
"FAQ model must extend AbstractModel.","Het FAQ-model moet AbstractModel uitbreiden."
"Could not save the FAQ: %1","De FAQ kon niet worden opgeslagen: %1"
"Could not delete the FAQ: %1","De FAQ kon niet worden verwijderd: %1"
Edit,Bewerken
"Delete FAQ","FAQ verwijderen"
FAQ,FAQ
Group:,Groep:
"Open settings to choose a FAQ group identifier.","Open de instellingen om een FAQ-groepsidentificatie te kiezen."
"FAQ Manager",FAQ-beheer
"SEO FAQ List","SEO FAQ-lijst"
"Renders a FAQ group as an accordion and adds matching FAQPage structured data.","Toont een FAQ-groep als accordeon en voegt bijbehorende gestructureerde gegevens (FAQPage) toe."
"FAQ Group Identifier",FAQ-groepsidentificatie
"The group identifier of the FAQ entries to display (e.g. shipping, returns).","De groepsidentificatie van de FAQ's die je wilt tonen (bijv. shipping, returns)."
"Heading (optional)","Kop (optioneel)"
"Optional heading rendered above the FAQ list.","Optionele kop boven de FAQ-lijst."
"FAQ Entry",FAQ-item
"Group Identifier",Groepsidentificatie
"Reference this group from the FAQ widget or Page Builder. Groups selected under Stores → Configuration → MageOS SEO → AI Information & Crawlers → AI Discoverability (llms.txt) also appear in llms.txt.","Verwijs naar deze groep vanuit de FAQ-widget of Page Builder. Groepen die zijn geselecteerd onder Winkels → Configuratie → MageOS SEO → AI-informatie & crawlers → AI-vindbaarheid (llms.txt) staan ook in llms.txt."
"Store View ID",Winkelweergave-ID
"0 = all store views.","0 = alle winkelweergaven."
Question,Vraag
Answer,Antwoord
"Sort Order",Sorteervolgorde
Active,Actief
ID,ID
"FAQ Settings",FAQ-instellingen
"The group identifier of the FAQ entries to display (e.g. shipping).","De groepsidentificatie van de FAQ's die je wilt tonen (bijv. shipping)."
